Implantation;N° grilles horaire;Grille-horaire;Année d'étude;Total élèves SIEL;Total élèves admissibles SIEL;Total élèves non admissibles SIEL;Total élèves primo SIEL;Total garçons SIEL;Total filles SIEL;Total élèves issus différencié SIEL;Total élèves exemptés LM SIEL;Total élèves exemptés Philo SIEL;Total des élèves comptant pour les Périodes Prof SIEL;Total des élèves comptant pour les périodes ACC SIEL;Total élèves admissibles GOSS;Total élèves issus différencié GOSS;Total élèves exemptés LM GOSS;Total élèves exemptés Philo GOSS;Total des élèves comptant pour les Périodes Prof GOSS;Total des élèves comptant pour les périodes ACC GOSS
2616;;;1 D1 1C;53;53;0;0;35;18;0;0;0;0;0;53;0;0;0;0;0
2616;463826;12511C 1209 (463826);1 D1 1C;26;26;0;0;16;10;0;0;0;0;0;26;0;0;0;0;0
2616;463842;12511C 1233 (463842);1 D1 1C;15;15;0;0;9;6;0;0;0;0;0;15;0;0;0;0;0
2616;463843;12511C 1234 (463843);1 D1 1C;10;10;0;0;8;2;0;0;0;0;0;10;0;0;0;0;0
2616;463844;12511C 1235 (463844);1 D1 1C;2;2;0;0;2;0;0;0;0;0;0;2;0;0;0;0;0
2616;;;1 D1 2C;61;61;0;0;34;27;0;0;0;0;0;61;0;0;0;0;0
2616;463768;12512C 1136 (463768);1 D1 2C;17;17;0;0;6;11;0;0;0;0;0;17;0;0;0;0;0
2616;463821;12512C 1203 (463821);1 D1 2C;35;35;0;0;23;12;0;0;0;0;0;35;0;0;0;0;0
2616;463823;12512C 1206 (463823);1 D1 2C;8;8;0;0;5;3;0;0;0;0;0;8;0;0;0;0;0
2616;463824;12512C 1207 (463824);1 D1 2C;1;1;0;0;0;1;0;0;0;0;0;1;0;0;0;0;0
2616;;;1 D1 2S;1;1;0;0;0;1;0;0;0;0;0;1;0;0;0;0;0
2616;463849;12512S 1249 (463849);1 D1 2S;1;1;0;0;0;1;0;0;0;0;0;1;0;0;0;0;0
2616;;;1 D2 3 G;10;10;0;0;5;5;0;0;0;0;0;10;0;0;0;0;0
2616;463760;12513 GT1125 (463760);1 D2 3 G;3;3;0;0;2;1;0;0;0;0;0;3;0;0;0;0;0
2616;463762;12513 GT1127 (463762);1 D2 3 G;2;2;0;0;0;2;0;0;0;0;0;2;0;0;0;0;0
2616;463772;12513 GT1140 (463772);1 D2 3 G;5;5;0;0;3;2;0;0;0;0;0;5;0;0;0;0;0
2616;;;1 D2 3 TQ;16;16;0;0;4;12;0;0;0;0;0;16;0;0;0;0;0
2616;463766;12513 TQ1132 (463766);1 D2 3 TQ;16;16;0;0;4;12;0;0;0;0;0;16;0;0;0;0;0
2616;;;1 D2 3 TT;7;7;0;0;3;4;0;0;0;0;0;7;0;0;0;0;0
2616;463835;12513 TT1221 (463835);1 D2 3 TT;7;7;0;0;3;4;0;0;0;0;0;7;0;0;0;0;0
2616;;;1 D2 4 G;8;8;0;0;2;6;0;0;0;0;0;8;0;0;0;0;0
2616;463764;12514 GT1129 (463764);1 D2 4 G;3;3;0;0;0;3;0;0;0;0;0;3;0;0;0;0;0
2616;463779;12514 GT1147 (463779);1 D2 4 G;3;3;0;0;2;1;0;0;0;0;0;3;0;0;0;0;0
2616;463780;12514 GT1148 (463780);1 D2 4 G;2;2;0;0;0;2;0;0;0;0;0;2;0;0;0;0;0
2616;;;1 D2 4 TT;8;8;0;0;5;3;0;0;0;0;0;8;0;0;0;0;0
2616;463827;12514 TT1210 (463827);1 D2 4 TT;4;4;0;0;2;2;0;0;0;0;0;4;0;0;0;0;0
2616;463845;12514 TT1236 (463845);1 D2 4 TT;4;4;0;0;3;1;0;0;0;0;0;4;0;0;0;0;0
2616;;;1 D3 5 G;12;12;0;0;6;6;0;0;0;0;0;12;0;0;0;0;0
2616;463758;12515 GT1122 (463758);1 D3 5 G;4;4;0;0;2;2;0;0;0;0;0;4;0;0;0;0;0
2616;463759;12515 GT1124 (463759);1 D3 5 G;1;1;0;0;0;1;0;0;0;0;0;1;0;0;0;0;0
2616;463770;12515 GT1138 (463770);1 D3 5 G;2;2;0;0;2;0;0;0;0;0;0;2;0;0;0;0;0
2616;463777;12515 GT1145 (463777);1 D3 5 G;1;1;0;0;1;0;0;0;0;0;0;1;0;0;0;0;0
2616;463778;12515 GT1146 (463778);1 D3 5 G;1;1;0;0;0;1;0;0;0;0;0;1;0;0;0;0;0
2616;463813;12515 GT1189 (463813);1 D3 5 G;3;3;0;0;1;2;0;0;0;0;0;3;0;0;0;0;0
2616;;;1 D3 5 TT;6;6;0;0;4;2;0;0;0;0;0;6;0;0;0;0;0
2616;463773;12515 TT1141 (463773);1 D3 5 TT;3;3;0;0;2;1;0;0;0;0;0;3;0;0;0;0;0
2616;463774;12515 TT1142 (463774);1 D3 5 TT;3;3;0;0;2;1;0;0;0;0;0;3;0;0;0;0;0
2616;;;1 D3 6 G;9;9;0;0;4;5;0;0;0;0;0;9;0;0;0;0;0
2616;463805;12516 GT1178 (463805);1 D3 6 G;3;3;0;0;1;2;0;0;0;0;0;3;0;0;0;0;0
2616;463810;12516 GT1186 (463810);1 D3 6 G;2;2;0;0;2;0;0;0;0;0;0;2;0;0;0;0;0
2616;463812;12516 GT1188 (463812);1 D3 6 G;2;2;0;0;0;2;0;0;0;0;0;2;0;0;0;0;0
2616;463818;12516 GT1197 (463818);1 D3 6 G;1;1;0;0;1;0;0;0;0;0;0;1;0;0;0;0;0
2616;464916;12516 GT1253 (464916);1 D3 6 G;1;1;0;0;0;1;0;0;0;0;0;1;0;0;0;0;0
2616;;;1 D3 6 TT;14;14;0;0;6;8;0;0;0;0;0;14;0;0;0;0;0
2616;463757;12516 TT1121 (463757);1 D3 6 TT;7;7;0;0;5;2;0;0;0;0;0;7;0;0;0;0;0
2616;463761;12516 TT1126 (463761);1 D3 6 TT;3;3;0;0;0;3;0;0;0;0;0;3;0;0;0;0;0
2616;463771;12516 TT1139 (463771);1 D3 6 TT;4;4;0;0;1;3;0;0;0;0;0;4;0;0;0;0;0
2616;;;1 DQ 4 TQ;8;8;0;0;3;5;0;0;0;0;0;8;0;0;0;0;0
2616;463767;12514 EQ1133 (463767);1 DQ 4 TQ;8;8;0;0;3;5;0;0;0;0;0;8;0;0;0;0;0
2616;;;1 DQ 4 P;1;1;0;0;0;1;0;0;0;0;0;1;0;0;0;0;0
2616;475372;12514 L 1254 (475372);1 DQ 4 P;1;1;0;0;0;1;0;0;0;0;0;1;0;0;0;0;0
2616;;;1 DQ 5 TQ;15;15;0;0;7;8;0;0;0;0;0;15;0;0;0;0;0
2616;463848;12515 EQ1248 (463848);1 DQ 5 TQ;15;15;0;0;7;8;0;0;0;0;0;15;0;0;0;0;0
2616;;;1 DQ 6 TQ;10;10;0;0;4;6;0;0;0;0;0;10;0;0;0;0;0
2616;463800;12516 EQ1173 (463800);1 DQ 6 TQ;10;10;0;0;4;6;0;0;0;0;0;10;0;0;0;0;0
2616;;;1 DQ 4C TQ;1;1;0;0;0;1;0;0;0;0;0;1;0;0;0;0;0
2616;463819;12514SEQ1200 (463819);1 DQ 4C TQ;1;1;0;0;0;1;0;0;0;0;0;1;0;0;0;0;0
2623;;;1 D1 1D;33;33;0;0;22;11;0;0;0;0;0;33;0;0;0;0;0
2623;463755;12511D 1117 (463755);1 D1 1D;33;33;0;0;22;11;0;0;0;0;0;33;0;0;0;0;0
2623;;;1 D1 2D;35;35;0;0;21;14;0;0;0;0;0;35;0;0;0;0;0
2623;463801;12512D 1174 (463801);1 D1 2D;35;35;0;0;21;14;0;0;0;0;0;35;0;0;0;0;0
2623;;;1 D2 3 P;74;74;0;0;51;23;0;0;0;0;0;74;0;0;0;0;0
2623;463783;12513 P 1151 (463783);1 D2 3 P;11;11;0;0;9;2;0;0;0;0;0;11;0;0;0;0;0
2623;463793;12513 P 1162 (463793);1 D2 3 P;16;16;0;0;14;2;0;0;0;0;0;16;0;0;0;0;0
2623;463795;12513 P 1165 (463795);1 D2 3 P;3;3;0;0;3;0;0;0;0;0;0;3;0;0;0;0;0
2623;463796;12513 P 1167 (463796);1 D2 3 P;19;19;0;0;17;2;0;0;0;0;0;19;0;0;0;0;0
2623;463797;12513 P 1168 (463797);1 D2 3 P;14;14;0;0;2;12;0;0;0;0;0;14;0;0;0;0;0
2623;463811;12513 P 1187 (463811);1 D2 3 P;10;10;0;0;6;4;0;0;0;0;0;10;0;0;0;0;0
2623;463816;12513 P 1193 (463816);1 D2 3 P;1;1;0;0;0;1;0;0;0;0;0;1;0;0;0;0;0
2623;;;1 D2 3 TQ;9;9;0;0;8;1;0;0;0;0;0;9;0;0;0;0;0
2623;463781;12513 TQ1149 (463781);1 D2 3 TQ;7;7;0;0;6;1;0;0;0;0;0;7;0;0;0;0;0
2623;463815;12513 TQ1191 (463815);1 D2 3 TQ;2;2;0;0;2;0;0;0;0;0;0;2;0;0;0;0;0
2623;;;1 D3 5 TT;1;1;0;0;0;1;0;0;0;0;0;1;0;0;0;0;0
2623;463774;12515 TT1142 (463774);1 D3 5 TT;1;1;0;0;0;1;0;0;0;0;0;1;0;0;0;0;0
2623;;;1 D3 7 TQ;8;8;0;0;7;1;0;0;0;0;0;8;0;0;0;0;0
2623;463822;12517 TQ1204 (463822);1 D3 7 TQ;8;8;0;0;7;1;0;0;0;0;0;8;0;0;0;0;0
2623;;;1 D3 7B P;33;33;0;0;23;10;0;0;0;0;0;33;0;0;0;0;0
2623;463825;12517BP 1208 (463825);1 D3 7B P;9;9;0;0;1;8;0;0;0;0;0;9;0;0;0;0;0
2623;463832;12517BP 1217 (463832);1 D3 7B P;7;7;0;0;6;1;0;0;0;0;0;7;0;0;0;0;0
2623;463833;12517BP 1218 (463833);1 D3 7B P;6;6;0;0;6;0;0;0;0;0;0;6;0;0;0;0;0
2623;463834;12517BP 1220 (463834);1 D3 7B P;5;5;0;0;5;0;0;0;0;0;0;5;0;0;0;0;0
2623;463838;12517BP 1226 (463838);1 D3 7B P;6;6;0;0;5;1;0;0;0;0;0;6;0;0;0;0;0
2623;;;1 DQ 4 TQ;15;15;0;0;13;2;0;0;0;0;0;15;0;0;0;0;0
2623;463763;12514 EQ1128 (463763);1 DQ 4 TQ;11;11;0;0;10;1;0;0;0;0;0;11;0;0;0;0;0
2623;463765;12514 EQ1131 (463765);1 DQ 4 TQ;4;4;0;0;3;1;0;0;0;0;0;4;0;0;0;0;0
2623;;;1 DQ 4 P;48;48;0;0;36;12;0;0;0;0;0;48;0;0;0;0;0
2623;463784;12514 L 1152 (463784);1 DQ 4 P;4;4;0;0;4;0;0;0;0;0;0;4;0;0;0;0;0
2623;463785;12514 L 1153 (463785);1 DQ 4 P;6;6;0;0;6;0;0;0;0;0;0;6;0;0;0;0;0
2623;463788;12514 L 1156 (463788);1 DQ 4 P;10;10;0;0;1;9;0;0;0;0;0;10;0;0;0;0;0
2623;463794;12514 L 1164 (463794);1 DQ 4 P;3;3;0;0;2;1;0;0;0;0;0;3;0;0;0;0;0
2623;463803;12514 L 1176 (463803);1 DQ 4 P;5;5;0;0;5;0;0;0;0;0;0;5;0;0;0;0;0
2623;463804;12514 L 1177 (463804);1 DQ 4 P;9;9;0;0;8;1;0;0;0;0;0;9;0;0;0;0;0
2623;463814;12514 L 1190 (463814);1 DQ 4 P;5;5;0;0;5;0;0;0;0;0;0;5;0;0;0;0;0
2623;475372;12514 L 1254 (475372);1 DQ 4 P;6;6;0;0;5;1;0;0;0;0;0;6;0;0;0;0;0
2623;;;1 DQ 5 TQ;7;7;0;0;6;1;0;0;0;0;0;7;0;0;0;0;0
2623;463809;12515 EQ1184 (463809);1 DQ 5 TQ;4;4;0;0;3;1;0;0;0;0;0;4;0;0;0;0;0
2623;463847;12515 EQ1247 (463847);1 DQ 5 TQ;3;3;0;0;3;0;0;0;0;0;0;3;0;0;0;0;0
2623;;;1 DQ 5 P;78;78;0;0;50;28;0;0;0;0;0;78;0;0;0;0;0
2623;463754;12515 L 1114 (463754);1 DQ 5 P;5;5;0;0;4;1;0;0;0;0;0;5;0;0;0;0;0
2623;463786;12515 L 1154 (463786);1 DQ 5 P;11;11;0;0;10;1;0;0;0;0;0;11;0;0;0;0;0
2623;463790;12515 L 1158 (463790);1 DQ 5 P;9;9;0;0;9;0;0;0;0;0;0;9;0;0;0;0;0
2623;463792;12515 L 1161 (463792);1 DQ 5 P;14;14;0;0;2;12;0;0;0;0;0;14;0;0;0;0;0
2623;463798;12515 L 1170 (463798);1 DQ 5 P;12;12;0;0;9;3;0;0;0;0;0;12;0;0;0;0;0
2623;463806;12515 L 1180 (463806);1 DQ 5 P;9;9;0;0;9;0;0;0;0;0;0;9;0;0;0;0;0
2623;463808;12515 L 1183 (463808);1 DQ 5 P;7;7;0;0;7;0;0;0;0;0;0;7;0;0;0;0;0
2623;475373;12515 L 1255 (475373);1 DQ 5 P;11;11;0;0;0;11;0;0;0;0;0;11;0;0;0;0;0
2623;;;1 DQ 6 P;48;48;0;0;37;11;0;0;0;0;0;48;0;0;0;0;0
2623;463787;12516 L 1155 (463787);1 DQ 6 P;5;5;0;0;4;1;0;0;0;0;0;5;0;0;0;0;0
2623;463791;12516 L 1160 (463791);1 DQ 6 P;5;5;0;0;5;0;0;0;0;0;0;5;0;0;0;0;0
2623;463802;12516 L 1175 (463802);1 DQ 6 P;6;6;0;0;6;0;0;0;0;0;0;6;0;0;0;0;0
2623;463807;12516 L 1181 (463807);1 DQ 6 P;6;6;0;0;6;0;0;0;0;0;0;6;0;0;0;0;0
2623;463829;12516 L 1212 (463829);1 DQ 6 P;9;9;0;0;8;1;0;0;0;0;0;9;0;0;0;0;0
2623;463841;12516 L 1231 (463841);1 DQ 6 P;1;1;0;0;1;0;0;0;0;0;0;1;0;0;0;0;0
2623;463908;12516 L 1250 (463908);1 DQ 6 P;6;6;0;0;3;3;0;0;0;0;0;6;0;0;0;0;0
2623;475374;12516 L 1256 (475374);1 DQ 6 P;10;10;0;0;4;6;0;0;0;0;0;10;0;0;0;0;0
2623;;;1 DQ 6 TQ;10;10;0;0;10;0;0;0;0;0;0;10;0;0;0;0;0
2623;463828;12516 EQ1211 (463828);1 DQ 6 TQ;3;3;0;0;3;0;0;0;0;0;0;3;0;0;0;0;0
2623;463836;12516 EQ1223 (463836);1 DQ 6 TQ;2;2;0;0;2;0;0;0;0;0;0;2;0;0;0;0;0
2623;463837;12516 EQ1225 (463837);1 DQ 6 TQ;5;5;0;0;5;0;0;0;0;0;0;5;0;0;0;0;0
2623;;;1 DQ 4C P;2;2;0;0;2;0;0;0;0;0;0;2;0;0;0;0;0
2623;463831;12514SL 1216 (463831);1 DQ 4C P;2;2;0;0;2;0;0;0;0;0;0;2;0;0;0;0;0
2623;;;1 DQ DFP 6 P;1;1;0;0;1;0;0;0;0;0;0;1;0;0;0;0;0
2623;463820;12516SL 1202 (463820);1 DQ DFP 6 P;1;1;0;0;1;0;0;0;0;0;0;1;0;0;0;0;0
10201;;;R D3 7B P;5;5;0;0;5;0;0;0;0;5;5;5;0;0;0;5;5
10201;475811;12527BP 1259 (475811);R D3 7B P;3;3;0;0;3;0;0;0;0;3;3;3;0;0;0;3;3
10201;475812;12527BP 1260 (475812);R D3 7B P;1;1;0;0;1;0;0;0;0;1;1;1;0;0;0;1;1
10201;475813;12527BP 1261 (475813);R D3 7B P;1;1;0;0;1;0;0;0;0;1;1;1;0;0;0;1;1
10201;;;R D2 P 45;13;13;0;0;10;3;0;0;0;13;12;13;0;0;0;13;12
10201;475801;1252HIP 1238 (475801);R D2 P 45;8;8;0;0;5;3;0;0;0;8;7;8;0;0;0;8;7
10201;475802;1252HIP 1239 (475802);R D2 P 45;1;1;0;0;1;0;0;0;0;1;1;1;0;0;0;1;1
10201;475810;1252HIP 1258 (475810);R D2 P 45;2;2;0;0;2;0;0;0;0;2;2;2;0;0;0;2;2
10201;477190;1252HIP 1264 (477190);R D2 P 45;1;1;0;0;1;0;0;0;0;1;1;1;0;0;0;1;1
10201;477191;1252HIP 1265 (477191);R D2 P 45;1;1;0;0;1;0;0;0;0;1;1;1;0;0;0;1;1
10201;;;R D3 P 45;2;2;0;0;2;0;0;0;0;2;2;2;0;0;0;2;2
10201;475804;1252HSP 1241 (475804);R D3 P 45;1;1;0;0;1;0;0;0;0;1;1;1;0;0;0;1;1
10201;475806;1252HSP 1244 (475806);R D3 P 45;1;1;0;0;1;0;0;0;0;1;1;1;0;0;0;1;1
10201;;;R DQ 5 P;1;1;0;0;1;0;0;0;0;1;1;1;0;0;0;1;1
10201;475809;12525 L 1257 (475809);R DQ 5 P;1;1;0;0;1;0;0;0;0;1;1;1;0;0;0;1;1
